category,question,answer
1,"How does the concept of moral relativism challenge universal ethical principles?

A: It suggests that moral truths may vary between cultures or individuals
B: It argues that all actions are equally moral
C: It promotes a single, global set of ethical rules
D: It focuses on the intentions behind actions rather than their consequences",A
1,"How might the ethical concept of the greater good conflict with individual rights?

A: It may justify actions that benefit society but harm individuals
B: It always aligns perfectly with individual rights
C: It only applies to environmental issues
D: It focuses solely on short-term benefits",A
1,"What ethical principle is most relevant when considering whether it's right to tell a lie to protect someone's feelings?

A: The conflict between honesty and kindness
B: The importance of always telling the truth regardless of consequences
C: The belief that lying is always acceptable
D: The idea that feelings are unimportant in ethical decisions",A
1,"How might the ethical implications of lying differ depending on the consequences?

A: Lying might be considered more ethical if it prevents greater harm
B: Lying is always unethical regardless of consequences
C: Lying is only ethical if it benefits the person telling the lie
D: The ethics of lying are not related to consequences at all",A
1,"How might the concept of fairness in resource distribution be challenged when considering global inequalities?

A: By recognizing that equal distribution may not always be fair due to differing needs and circumstances
B: By assuming that all resources should be distributed equally regardless of context
C: By ignoring global inequalities altogether
D: By focusing only on resource distribution within individual countries",A
1,"In a scenario where you find a wallet on the street, what ethical principle is most relevant in deciding what to do?

A: The duty to respect others' property and attempt to return it
B: The opportunity to improve one's own financial situation
C: The right to keep what you find as a reward for being observant
D: The obligation to give the wallet to the nearest authority figure",A
1,"In discussions about privacy rights, what ethical consideration is often weighed against security concerns?

A: The individual's right to control their personal information
B: The government's right to collect all data without restrictions
C: The idea that privacy is outdated in the digital age
D: The belief that only people with something to hide value privacy",A
1,"What ethical principle is challenged by the idea of "whistleblowing"?

A: The conflict between loyalty to an organization and moral obligation to society
B: The right to privacy in all circumstances
C: The idea that all information should be public
D: The belief that organizations are always ethical",A
1,"How does the concept of ""moral hazard"" relate to ethical decision-making in business?

A: It suggests that protection from risk can lead to riskier behavior
B: It argues that all business decisions are inherently unethical
C: It claims that moral considerations have no place in business
D: It proposes that businesses should always prioritize profit over ethics",A
1,"What ethical consideration is central to discussions about euthanasia?

A: The balance between personal autonomy and the sanctity of life
B: The economic impact of prolonged end-of-life care
C: The religious views on the afterlife
D: The legal implications of assisted dying",A
2,"What effect did the fall of the Berlin Wall have on German society?

A: It led to the reunification of East and West Germany and cultural reintegration
B: It resulted in the immediate economic prosperity of East Germany
C: It caused a mass migration of West Germans to the East
D: It had no significant impact on German society or politics",A
2,"What role did the Nile River play in the development of ancient Egyptian civilization?

A: It provided fertile soil for agriculture and served as a transportation route
B: It acted as a natural barrier against invasions
C: It was primarily used for religious ceremonies
D: It had little impact on Egyptian society and culture",A
2,"How has the role of women in the workforce changed since World War II in many Western countries?

A: Women's participation in various professions has significantly increased
B: Women's participation in the workforce has remained constant
C: Women have been completely excluded from the workforce
D: Women's roles have been limited to specific industries only",A
2,"How might the invention of the printing press in 15th century Europe relate to modern social media platforms?

A: Both revolutionized the spread of information and ideas
B: They were invented by the same person
C: Both were initially used only by governments
D: They share the same technology",A
2,"How did the Industrial Revolution affect urbanization in the 19th century?

A: It led to rapid growth of cities as people moved for factory jobs
B: It caused a mass exodus from cities to rural areas
C: It had no significant impact on urban populations
D: It resulted in the abandonment of most major cities",A
2,"How might the fall of the Roman Empire inform our understanding of modern superpowers?

A: It illustrates that even powerful civilizations can decline due to internal and external pressures
B: It proves that all empires last exactly the same amount of time
C: It shows that technology always prevents societal collapse
D: It demonstrates that geography is the only factor in a nation's success",A
2,"Q: In what way does the history of colonialism continue to influence international relations today?

A: It has led to ongoing economic disparities and cultural tensions between former colonial powers and colonies
B: It has no impact on current international relations
C: It only affects relations between European countries
D: It exclusively influences trade agreements, not political relationships",A
2,"In what way does the concept of democracy in ancient Athens differ from modern democratic systems?

A: Ancient Athenian democracy was direct, while most modern democracies are representative
B: Ancient Athens had universal suffrage, including women and slaves
C: Modern democracies don't have a system of checks and balances
D: Ancient Athens had a monarch alongside its democratic system",A
2,"In what way could understanding past migration patterns help us address current global migration issues?

A: It can provide insights into the causes and impacts of large-scale population movements
B: Past migrations were always voluntary, unlike today's
C: Historical migration patterns are irrelevant to modern issues
D: All migration throughout history followed the same routes",A
2,"In what way could studying ancient trade networks inform our understanding of modern global supply chains?

A: Both involve complex systems of exchange across long distances and diverse cultures
B: Ancient trade networks only dealt with luxury goods, unlike modern supply chains
C: Modern supply chains are completely different from ancient trade networks
D: Ancient trade networks were more efficient than modern global supply chains",A
3,"What role does perspective-taking play in conflict resolution?

A: It helps individuals understand and empathize with others' viewpoints
B: It always leads to agreement between conflicting parties
C: It is only useful in professional mediation settings
D: It has no impact on how conflicts are resolved",A
3,"How might the concept of psychological reactance affect attempts to influence others?

A: By causing resistance when people feel their freedom is threatened
B: By always increasing compliance with requests or demands
C: By only affecting children and teenagers, not adults
D: By having no impact on how people respond to persuasion attempts",A
3,"What effect might the halo effect have on first impressions?

A: It may lead to overgeneralizing positive traits based on limited information
B: It always results in accurate assessments of others
C: It only impacts how we perceive physical appearance
D: It has no influence on how we form impressions of others",A
3,"How might understanding the concept of emotional contagion affect social interactions?

A: By recognizing that emotions can spread between individuals in a group
B: By proving that emotions are purely individual experiences
C: By showing that only negative emotions are contagious
D: By demonstrating that emotional states have no impact on group dynamics",A
3,"How can developing emotional intelligence contribute to better relationships?

A: By improving understanding and management of emotions in oneself and others
B: By allowing you to manipulate others' feelings
C: By eliminating all emotional responses in interactions
D: By ensuring you never experience negative emotions",A
3,"What is a potential benefit of conflict in relationships?

A: It can lead to better understanding and personal growth if handled constructively
B: It always strengthens bonds between people
C: It proves who is right and who is wrong
D: It should be avoided at all costs for healthy relationships",A
3,"How might confirmation bias affect our understanding of others?

A: By leading us to seek information that confirms our preexisting beliefs
B: By always resulting in an accurate assessment of others
C: By encouraging us to challenge our assumptions about others
D: By having no impact on our perceptions of others", A
3,"What phenomenon causes people to attribute their own actions to external factors and others' actions to internal factors?

A: Fundamental attribution error
B: Self-serving bias
C: Actor-observer bias
D: Correspondence bias",A
3,"How might the concept of psychological safety impact team performance?

A: By encouraging open communication and risk-taking without fear of punishment
B: By ensuring that no one ever feels challenged or uncomfortable
C: By promoting competition between team members
D: By having no effect on how team members interact",A
3,"How might understanding cognitive biases affect decision-making in groups?

A: By helping identify and mitigate potential errors in judgment
B: By proving that group decisions are always superior to individual ones
C: By showing that biases only affect individuals, not groups
D: By eliminating the need for diverse perspectives in decision-making",A
4,"Which of these is an example of a vector quantity?

A: Velocity
B: Temperature
C: Mass
D: Time",A
4,"What is the term for the amount of energy required to raise the temperature of one gram of water by one degree Celsius?

A: Calorie
B: Joule
C: Watt
D: Ampere",A
4,"Which of these hormones is primarily responsible for regulating blood glucose levels?

A: Insulin
B: Cortisol
C: Thyroxine
D: Adrenaline",A
4,"Which of these logic gates produces an output of 1 only when all its inputs are 0?

A: NAND gate
B: OR gate
C: XOR gate
D: AND gate",A
4,"What is the term for the energy required to remove an electron from an atom in its gaseous state?

A: Ionization energy
B: Electron affinity
C: Electronegativity
D: Work function",A
4,"Which of these algorithms is commonly used for public key cryptography?

A: RSA
B: Bubble sort
C: Dijkstra's algorithm
D: K-means clustering",A
4,"What is the term for the maximum number of organisms of a particular species that can be sustained indefinitely in a given environment?

A: Carrying capacity
B: Population density
C: Biodiversity index
D: Ecological footprint",A
4,"Which mathematical concept is used to describe the rate of change of a function with respect to another variable?

A: Derivative
B: Integral
C: Logarithm
D: Matrix",A
4,"What is the name of the largest known structure in the universe?

A: Hercules-Corona Borealis Great Wall
B: Milky Way Galaxy
C: Andromeda Galaxy
D: Local Group",A
4,"Which of the following is an example of a keystone species?

A: Sea otter
B: Domestic cat
C: Fruit fly
D: Earthworm",A